{
  "adm": [
    {
      "id": 1,
      "login": "admin1",
      "senha": "senha123"
    },
    {
      "id": 2,
      "login": "admin2",
      "senha": "seguranca456"
    },
    {
      "id": 3,
      "login": "admin3",
      "senha": "admin@789"
    }
  ],
  "usuario_logado": [
    {
      "id": 1,
      "nome": "Ana Silva",
      "email": "ana.silva@gmail.com",
      "idade": "30",
      "genero": "Feminino",
      "endereco": "Rua das Flores, 123",
      "senha": "senha123",
      "renda": "R$ 2.500,00",
      "comodos": "3",
      "acesso_internet": "Sim",
      "cpf": "123.456.789-00",
      "dataNascimento": "1993-05-15",
      "status": "reprovado",
      "telefone": "(11) 91234-5678"
    }
  ],
  "usuarios": [
    {
      "nome": "Ana Silva",
      "email": "ana.silva@gmail.com",
      "idade": "32",
      "genero": "Feminino",
      "endereco": "Rua das Flores, 123",
      "renda": "R$ 2.500,00",
      "comodos": "3",
      "acesso_internet": "Sim",
      "cpf": "123.456.789-00",
      "dataNascimento": "1993-05-15",
      "telefone": "(11) 91234-5678",
      "status": "pendente",
      "id": 1
    },
    {
      "id": 2,
      "nome": "Carlos Oliveira",
      "email": "carlos.oliveira@gmail.com",
      "idade": "25",
      "genero": "Masculino",
      "endereco": "Avenida Brasil, 456",
      "senha": "car12345",
      "renda": "R$ 3.000,00",
      "comodos": "2",
      "acesso_internet": "Sim",
      "cpf": "987.654.321-00",
      "dataNascimento": "1998-08-20",
      "status": "aprovado",
      "telefone": "(21) 99876-5432"
    },
    {
      "id": 3,
      "nome": "Mariana Costa",
      "email": "mariana.costa@gmail.com",
      "idade": "28",
      "genero": "Feminino",
      "endereco": "Rua do Comércio, 789",
      "senha": "mariana2023",
      "renda": "R$ 4.200,00",
      "comodos": "4",
      "acesso_internet": "Sim",
      "cpf": "321.654.987-00",
      "dataNascimento": "1995-03-10",
      "status": "aprovado",
      "telefone": "(31) 98765-4321"
    },
    {
      "id": 4,
      "nome": "Lucas Pereira",
      "email": "lucas.pereira@gmail.com",
      "idade": "22",
      "genero": "Masculino",
      "endereco": "Rua da Paz, 101",
      "senha": "lucas2023",
      "renda": "R$ 1.800,00",
      "comodos": "1",
      "acesso_internet": "Não",
      "cpf": "654.321.987-00",
      "dataNascimento": "2001-11-30",
      "status": "reprovado",
      "telefone": "(41) 91234-5678"
    },
    {
      "id": 5,
      "nome": "Fernanda Lima",
      "email": "fernanda.lima@gmail.com",
      "idade": "35",
      "genero": "Feminino",
      "endereco": "Rua das Acácias, 202",
      "senha": "fernanda2023",
      "renda": "R$ 5.500,00",
      "comodos": "5",
      "acesso_internet": "Sim",
      "cpf": "456.789.123-00",
      "dataNascimento": "1988-07-25",
      "status": "aprovado",
      "telefone": "(51) 99876-5432"
    },
    {
      "id": 6,
      "nome": "Ricardo Santos",
      "email": "ricardo.santos@gmail.com",
      "idade": "40",
      "genero": "Masculino",
      "endereco": "Avenida das Palmeiras, 303",
      "senha": "ricardo2023",
      "renda": "R$ 6.000,00",
      "comodos": "6",
      "acesso_internet": "Sim",
      "cpf": "789.123.456-00",
      "dataNascimento": "1983-02-14",
      "status": "pendente",
      "telefone": "(61) 98765-4321"
    },
    {
      "id": 7,
      "nome": "Juliana Martins",
      "email": "juliana.martins@gmail.com",
      "idade": "27",
      "genero": "Feminino",
      "endereco": "Rua do Sol, 404",
      "senha": "juliana2023",
      "renda": "R$ 2.800,00",
      "comodos": "3",
      "acesso_internet": "Sim",
      "cpf": "321.987.654-00",
      "dataNascimento": "1996-09-05",
      "status": "aprovado",
      "telefone": "(71) 91234-5678"
    },
    {
      "id": 8,
      "nome": "Gabriel Almeida",
      "email": "gabriel.almeida@gmail.com",
      "idade": "29",
      "genero": "Masculino",
      "endereco": "Rua da Liberdade, 505",
      "senha": "gabriel2023",
      "renda": "R$ 3.500,00",
      "comodos": "4",
      "acesso_internet": "Sim",
      "cpf": "654.987.321-00",
      "dataNascimento": "1994-04-12",
      "status": "reprovado",
      "telefone": "(81) 99876-5432"
    },
    {
      "id": 9,
      "nome": "Sofia Rocha",
      "email": "sofia.rocha@gmail.com",
      "idade": "31",
      "genero": "Feminino",
      "endereco": "Avenida do Norte, 606",
      "senha": "sofia2023",
      "renda": "R$ 4.800,00",
      "comodos": "2",
      "acesso_internet": "Sim",
      "cpf": "987.321.654-00",
      "dataNascimento": "1992-11-18",
      "status": "aprovado",
      "telefone": "(91) 91234-5678"
    },
    {
      "id": 10,
      "nome": "Felipe Gomes",
      "email": "felipe.gomes@gmail.com",
      "idade": "26",
      "genero": "Masculino",
      "endereco": "Rua da Esperança, 707",
      "senha": "felipe2023",
      "renda": "R$ 2.200,00",
      "comodos": "3",
      "acesso_internet": "Não",
      "cpf": "321.456.789-00",
      "dataNascimento": "1997-06-22",
      "status": "pendente",
      "telefone": "(11) 99876-5432"
    },
    {
      "id": 11,
      "nome": "Isabela Ferreira",
      "email": "isabela.ferreira@gmail.com",
      "idade": "24",
      "genero": "Feminino",
      "endereco": "Rua do Futuro, 808",
      "senha": "isabela2023",
      "renda": "R$ 3.300,00",
      "comodos": "2",
      "acesso_internet": "Sim",
      "cpf": "654.321.987-00",
      "dataNascimento": "1999-03-30",
      "status": "aprovado",
      "telefone": "(21) 91234-5678"
    },
    {
      "id": 12,
      "nome": "André Souza",
      "email": "andre.souza@gmail.com",
      "idade": "33",
      "genero": "Masculino",
      "endereco": "Avenida do Trabalho, 909",
      "senha": "andre2023",
      "renda": "R$ 5.000,00",
      "comodos": "4",
      "acesso_internet": "Sim",
      "cpf": "789.654.321-00",
      "dataNascimento": "1990-08-05",
      "status": "pendente",
      "telefone": "(31) 99876-5432"
    },
    {
      "id": 13,
      "nome": "Camila Mendes",
      "email": "camila.mendes@gmail.com",
      "idade": "29",
      "genero": "Feminino",
      "endereco": "Rua da Amizade, 1010",
      "senha": "camila2023",
      "renda": "R$ 3.900,00",
      "comodos": "3",
      "acesso_internet": "Sim",
      "cpf": "321.654.123-00",
      "dataNascimento": "1994-12-15",
      "status": "aprovado",
      "telefone": "(41) 91234-5678"
    },
    {
      "id": 14,
      "nome": "Rafael Lima",
      "email": "rafael.lima@gmail.com",
      "idade": "36",
      "genero": "Masculino",
      "endereco": "Rua do Progresso, 1111",
      "senha": "rafael2023",
      "renda": "R$ 7.200,00",
      "comodos": "5",
      "acesso_internet": "Sim",
      "cpf": "654.123.789-00",
      "dataNascimento": "1987-01-10",
      "status": "aprovado",
      "telefone": "(51) 99876-5432"
    },
    {
      "id": 15,
      "nome": "Tatiane Alves",
      "email": "tatiane.alves@gmail.com",
      "idade": "23",
      "genero": "Feminino",
      "endereco": "Avenida da Saúde, 1212",
      "senha": "tatiane2023",
      "renda": "R$ 2.700,00",
      "comodos": "2",
      "acesso_internet": "Sim",
      "cpf": "987.123.456-00",
      "dataNascimento": "2000-04-25",
      "status": "pendente",
      "telefone": "(61) 91234-5678"
    },
    {
      "id": 16,
      "nome": "Eduardo Nascimento",
      "email": "eduardo.nascimento@gmail.com",
      "idade": "32",
      "genero": "Masculino",
      "endereco": "Rua da Vitória, 1313",
      "senha": "eduardo2023",
      "renda": "R$ 4.500,00",
      "comodos": "3",
      "acesso_internet": "Sim",
      "cpf": "321.987.654-00",
      "dataNascimento": "1991-02-28",
      "status": "aprovado",
      "telefone": "(71) 99876-5432"
    },
    {
      "id": 17,
      "nome": "Patrícia Gomes",
      "email": "patricia.gomes@gmail.com",
      "idade": "27",
      "genero": "Feminino",
      "endereco": "Avenida da Liberdade, 1414",
      "senha": "patricia2023",
      "renda": "R$ 3.200,00",
      "comodos": "2",
      "acesso_internet": "Sim",
      "cpf": "654.321.987-00",
      "dataNascimento": "1996-03-15",
      "status": "reprovado",
      "telefone": "(81) 91234-5678"
    },
    {
      "id": 18,
      "nome": "Thiago Martins",
      "email": "thiago.martins@gmail.com",
      "idade": "29",
      "genero": "Masculino",
      "endereco": "Rua do Trabalho, 1515",
      "senha": "thiago202",
      "renda": "R$ 5.800,00",
      "comodos": "4",
      "acesso_internet": "Sim",
      "cpf": "987.654.321-00",
      "dataNascimento": "1994-07-20",
      "status": "aprovado",
      "telefone": "(91) 99876-5432"
    },
    {
      "id": 19,
      "nome": "Juliana Costa",
      "email": "juliana.costa@gmail.com",
      "idade": "24",
      "genero": "Feminino",
      "endereco": "Rua da Esperança, 1616",
      "senha": "juliana2023",
      "renda": "R$ 2.900,00",
      "comodos": "3",
      "acesso_internet": "Sim",
      "cpf": "321.654.987-00",
      "dataNascimento": "1999-05-10",
      "status": "pendente",
      "telefone": "(11) 91234-5678"
    },
    {
      "id": 20,
      "nome": "Roberto Silva",
      "email": "roberto.silva@gmail.com",
      "idade": "38",
      "genero": "Masculino",
      "endereco": "Avenida do Progresso, 1717",
      "senha": "roberto2023",
      "renda": "R$ 6.500,00",
      "comodos": "5",
      "acesso_internet": "Sim",
      "cpf": "654.987.321-00",
      "dataNascimento": "1985-11-05",
      "status": "aprovado",
      "telefone": "(21) 99876-5432"
    }
  ]
}